N,CPU_Seq_ms,CPU_OMP_ms,GPU_Naive_H2D_ms,GPU_Naive_Kernel_ms,GPU_Naive_D2H_ms,GPU_Naive_Total_ms,GPU_Tiled_H2D_ms,GPU_Tiled_Kernel_ms,GPU_Tiled_D2H_ms,GPU_Tiled_Total_ms,Valido
100,0.24218,0.22301,0.0394112,0.0135104,0.0427776,0.0956992,0.0371904,0.016352,0.0407968,0.0943392,1
200,2.02359,1.05176,0.0918528,0.0579936,0.0851264,0.234973,0.049424,0.0255456,0.0597824,0.134752,1
500,35.5273,15.0296,0.195789,0.19936,0.160922,0.55607,0.189238,0.169907,0.139808,0.498954,1
1000,257.128,145.434,0.571059,1.21392,0.478928,2.2639,0.557677,0.992707,0.395645,1.94603,1
2000,2033.04,959.295,3.6236,10.9132,2.24687,16.7837,3.49914,6.76691,1.90816,12.1742,1
5000,-1,15607.9,17.0858,124.405,14.1878,155.679,18.3654,96.6183,9.3223,124.306,1
10000,-1,177570,64.3309,1074.41,39.9096,1178.65,76.6913,772.358,35.7623,884.812,1
